File name,WSE (m MSL),DSM mean (m MSL),DSM std (m),DSM min (m MSL),DSM max (m MSL),Chainage (m),Centroid lat. (WGS-84),Centroid lon. (WGS-84),Subset
20210713_GRO_001.npy,237.9869973,239.13164,0.5185462,237.8679,240.55287,3.1,50.87161026,18.96635446,GRO21
20210713_GRO_002.npy,237.9856443,239.1339,0.50705725,237.9243,240.44385,11.8,50.87169808,18.96643447,GRO21
20210713_GRO_003.npy,237.9837881,239.1869,0.55788165,237.93645,240.40811,24,50.87179339,18.96652967,GRO21
20210713_GRO_004.npy,237.9820694,238.85506,0.60962,237.76625,240.25267,35.6,50.87188507,18.96660374,GRO21
20210713_GRO_005.npy,237.9804103,238.92618,0.66565216,237.81279,240.49432,47.1,50.8719767,18.96668383,GRO21
20210713_GRO_006.npy,237.978878,238.69315,0.41355863,237.49146,240.18365,58,50.87207153,18.96672187,GRO21
20210713_GRO_007.npy,237.9775622,239.36415,0.74946827,237.8497,240.39671,67.6,50.87212836,18.9668674,GRO21
20210713_GRO_008.npy,237.9761323,238.69284,0.50132805,237.89406,240.3064,78.3,50.87222255,18.96686785,GRO21
20210713_GRO_009.npy,237.9747402,239.28067,0.77168095,237.84439,240.37756,89,50.87229936,18.96701379,GRO21
20210713_GRO_010.npy,237.9733745,238.71074,0.4180524,237.8994,240.14407,99.8,50.87239359,18.96700973,GRO21
20210713_GRO_011.npy,237.9721926,239.06119,0.5193867,237.91704,239.9943,109.4,50.87245518,18.96715535,GRO21
20210713_GRO_012.npy,237.9710899,238.71518,0.31799662,237.89502,239.45018,118.6,50.87254856,18.96713774,GRO21
20210713_GRO_013.npy,237.9696944,238.82164,0.3399532,237.86537,239.61836,130.6,50.87263298,18.96728384,GRO21
20210713_GRO_014.npy,237.9683688,238.6023,0.3928581,237.90402,239.47789,142.4,50.87272595,18.96731734,GRO21
20210713_GRO_015.npy,237.9670793,238.70636,0.35942134,237.90837,239.7425,154.3,50.87281938,18.9674095,GRO21
20210713_GRO_016.npy,237.9661136,238.60027,0.2550538,237.89857,239.43672,163.5,50.87291138,18.96744449,GRO21
20210713_GRO_017.npy,237.9652887,238.9146,0.49564844,237.90846,239.91284,171.6,50.87293584,18.96759236,GRO21
20210713_GRO_018.npy,237.9644261,238.67682,0.25702405,237.91017,239.65971,180.3,50.87302899,18.96760331,GRO21
20210713_GRO_019.npy,237.9635804,238.8157,0.43550754,237.88693,239.62967,189.1,50.87305158,18.96774813,GRO21
20210713_GRO_020.npy,237.9626412,238.68375,0.3460791,237.85559,239.38469,199.2,50.87314436,18.96780419,GRO21
20210713_GRO_021.npy,237.9617887,238.84427,0.45622492,237.90828,239.70073,208.7,50.87317264,18.96795063,GRO21
20210713_GRO_022.npy,237.961001,238.76697,0.41675875,237.88776,239.37642,217.8,50.8732656,18.96798414,GRO21
20210713_GRO_023.npy,237.9601349,238.74397,0.45599645,237.90907,239.67896,228.2,50.87330573,18.96813609,GRO21
20210713_GRO_024.npy,237.9592889,238.66336,0.36697683,237.90659,239.29,238.8,50.87339944,18.96819442,GRO21
20210713_GRO_025.npy,237.9585255,238.77046,0.4682105,237.89914,239.56708,248.8,50.87343243,18.96834623,GRO21
20210713_GRO_026.npy,237.9578173,238.6015,0.34679556,237.8834,239.39375,258.5,50.87352772,18.96838655,GRO21
20210713_GRO_027.npy,237.9571406,238.62367,0.46852323,237.8692,239.43384,268.2,50.87356075,18.96853385,GRO21
20210713_GRO_028.npy,237.9564054,238.53647,0.3886002,237.80052,239.39201,279.3,50.87365723,18.96860126,GRO21
20210713_GRO_029.npy,237.9556925,238.71002,0.5020027,237.84625,239.6197,290.7,50.8737059,18.96875565,GRO21
20210713_GRO_030.npy,237.9550637,238.50587,0.3655161,237.88354,239.44635,301.4,50.87380053,18.96881776,GRO21
20210713_GRO_031.npy,237.9543992,238.72655,0.7145748,237.83972,240.77618,313.5,50.8738611,18.96897127,GRO21
20210713_GRO_032.npy,237.9537777,239.43216,0.758299,237.86313,241.0235,325.7,50.87395792,18.96905598,GRO21
20210713_GRO_033.npy,237.9532607,239.49088,0.9215562,237.84482,241.16278,336.7,50.8740054,18.9692111,GRO21
20210713_GRO_034.npy,237.9527564,239.4578,1.0231488,237.78195,240.98619,348.4,50.87409982,18.96929765,GRO21
20210713_GRO_035.npy,237.9522557,238.82845,0.65480214,237.88864,240.59764,361.2,50.87414849,18.96945279,GRO21
20210713_GRO_036.npy,237.9518794,239.22287,0.96921545,237.81813,240.85966,371.9,50.87424039,18.9695562,GRO21
20210713_GRO_037.npy,237.9515452,238.94717,0.8649495,237.87679,240.87631,382.5,50.87424983,18.96970865,GRO21
20210713_GRO_038.npy,237.9512406,238.94557,0.7984249,237.89656,240.92221,393.4,50.8742688,18.96985942,GRO21
20210713_GRO_039.npy,237.9509736,239.07538,0.87632906,237.8498,240.69243,404.4,50.87429368,18.97001407,GRO21
20210713_GRO_040.npy,237.9507472,239.48839,0.7776535,237.88701,240.90532,415.4,50.87430311,18.97016652,GRO21
20210713_GRO_041.npy,237.9505615,239.43077,0.9362231,237.82495,241.38132,426.4,50.8743173,18.97031907,GRO21
20210713_GRO_042.npy,237.9504164,239.29466,0.88026965,237.83623,240.95206,437.4,50.87432673,18.9704734,GRO21
20210713_GRO_043.npy,237.9503103,239.55666,0.96262777,237.87675,244.04071,448.6,50.87433732,18.97062963,GRO21
20210713_GRO_044.npy,237.9502487,239.88239,1.6187941,237.85387,245.84784,459.2,50.87434917,18.97077837,GRO21
20210713_GRO_045.npy,237.9502256,239.3057,0.8082124,237.84564,240.88364,473.5,50.87438321,18.97097457,GRO21
20210713_GRO_046.npy,237.9502608,239.27267,0.8385379,237.84892,240.74367,485.8,50.87442474,18.97112957,GRO21
20210713_GRO_047.npy,237.9503498,238.94003,0.74585265,237.8392,240.61542,498.5,50.87448171,18.97128677,GRO21
20210713_GRO_048.npy,237.9504892,238.74632,0.96447694,237.837,240.93684,510.9,50.87454938,18.97144419,GRO21
20210713_GRO_049.npy,237.9506855,238.65564,0.75963616,237.83192,240.7927,523.6,50.87459206,18.97160297,GRO21
20210713_GRO_050.npy,237.9509382,238.63324,0.7359881,237.79689,240.90352,536.4,50.87464903,18.97176017,GRO21
20210713_GRO_051.npy,237.9512325,238.74713,0.8747908,237.84953,240.75433,548.7,50.87470601,18.97191549,GRO21
20210713_GRO_052.npy,237.9515538,238.51256,0.5907234,237.80951,240.70981,560.2,50.87475592,18.97206315,GRO21
20210713_GRO_053.npy,237.9519193,238.52795,0.60382754,237.81673,240.66588,571.7,50.87477249,18.97221575,GRO21
20210713_GRO_054.npy,237.9523674,238.93134,1.0549484,237.75475,240.93575,584.2,50.87484736,18.9723658,GRO21
20210713_GRO_055.npy,237.9528593,239.30928,1.0645474,237.84137,240.89214,596.5,50.87490792,18.97251932,GRO21
20210713_GRO_056.npy,237.9534111,238.99878,0.97215825,237.83429,240.7837,609,50.87495063,18.97267435,GRO21
20210713_GRO_057.npy,237.95398,238.5791,0.6430639,237.86536,240.7298,620.8,50.87499217,18.97282747,GRO21
20210713_GRO_058.npy,237.9545634,238.46059,0.47424725,237.8782,239.41841,632,50.8750242,18.97298039,GRO21
20210713_GRO_059.npy,237.9552005,238.54926,0.59282833,237.86195,240.56566,643.4,50.87506693,18.97313354,GRO21
20210713_GRO_060.npy,237.9559243,238.43596,0.5689477,237.80981,242.1639,655.5,50.87509653,18.97329205,GRO21
20210713_GRO_061.npy,237.956671,238.45178,0.6455264,237.8236,243.74226,667.2,50.87513329,18.97344695,GRO21
20210713_GRO_062.npy,237.9574497,238.37979,0.47176,237.88393,240.74388,678.7,50.87516649,18.97360178,GRO21
20210713_GRO_063.npy,237.958258,238.31384,0.6201672,237.85281,245.4632,690,50.87520093,18.973751,GRO21
20210713_GRO_064.npy,237.9591639,238.48923,1.13832,237.8664,243.8889,702,50.87524248,18.97390224,GRO21
20210713_RYB_001.npy,212.6030376,213.90543,1.2029368,212.24306,216.70108,8.05,50.93592495,19.11275677,RYB21
20210713_RYB_002.npy,212.5933616,213.68694,1.003786,212.17859,215.62006,18.25,50.93601601,19.11276082,RYB21
20210713_RYB_003.npy,212.5832627,213.35583,0.82258964,212.2553,214.72917,28.85,50.93610863,19.11277621,RYB21
20210713_RYB_004.npy,212.5722083,213.39987,0.8020268,212.15938,214.67715,40.4,50.93620073,19.11284616,RYB21
20210713_RYB_005.npy,212.5605238,213.50256,0.9292862,212.24408,215.07224,52.55,50.93629403,19.11293987,RYB21
20210713_RYB_006.npy,212.549847,213.55022,0.8764256,212.21092,214.85718,63.6,50.93638631,19.11299063,RYB21
20210713_RYB_007.npy,212.539511,213.52838,0.83856833,212.17744,214.83066,74.25,50.93647948,19.11302335,RYB21
20210713_RYB_008.npy,212.5289839,213.6485,0.8338625,212.18369,214.68474,85.05,50.93657409,19.11305497,RYB21
20210713_RYB_009.npy,212.5185091,213.52731,0.75190586,212.19261,214.64589,95.75,50.93666866,19.11308998,RYB21
20210713_RYB_010.npy,212.5078908,213.61842,0.84370315,212.20543,215.21872,106.55,50.93676398,19.11312161,RYB21
20210713_RYB_011.npy,212.4966325,216.79904,4.293371,212.21652,229.27234,117.95,50.93685949,19.11314554,RYB21
20210713_RYB_012.npy,212.4720654,214.07156,2.5356486,212.13654,224.3723,142.65,50.93705783,19.11328674,RYB21
20210713_RYB_013.npy,212.459742,213.14406,0.68482983,212.13393,214.38438,154.95,50.93714988,19.11336234,RYB21
20210713_RYB_014.npy,212.4502862,213.31989,0.49708024,212.16481,214.0602,164.35,50.93724378,19.11339282,RYB21
20210713_RYB_015.npy,212.4427146,213.15485,0.50765634,212.06456,213.79074,171.85,50.93725592,19.11354105,RYB21
20210713_RYB_016.npy,212.4338539,213.15167,0.49749988,212.13869,213.92328,180.6,50.93734846,19.11356472,RYB21
20210713_RYB_017.npy,212.4248613,213.13593,0.5647033,212.16136,214.37814,189.45,50.93736062,19.11371183,RYB21
20210713_RYB_018.npy,212.416298,213.96786,1.0071118,212.10493,215.93799,197.85,50.93745371,19.11375245,RYB21
20210713_RYB_019.npy,212.4081672,213.35077,0.6922227,212.07405,215.24979,205.8,50.93744017,19.11390007,RYB21
20210713_RYB_020.npy,212.3995499,214.16283,1.0830127,212.12675,217.04268,214.2,50.93753387,19.113952,RYB21
20210713_RYB_021.npy,212.3904913,213.6207,0.98933107,212.10597,216.16412,223,50.93752199,19.11410004,RYB21
20210713_RYB_022.npy,212.3809383,213.45116,0.67506576,212.06857,214.72998,232.25,50.93761407,19.11417226,RYB21
20210713_RYB_023.npy,212.3724928,213.52893,0.75856525,212.0442,214.56618,240.4,50.93760028,19.11432101,RYB21
20210713_RYB_024.npy,212.3644379,213.463,0.68576586,211.9912,214.35123,248.15,50.93769167,19.11436535,RYB21
20210713_RYB_025.npy,212.3555754,213.46135,0.688244,211.89754,214.40637,256.65,50.93767651,19.11450879,RYB21
20210713_RYB_026.npy,212.3446417,213.2067,0.6937521,211.9434,214.27214,267.1,50.93776825,19.11461564,RYB21
20210713_RYB_027.npy,212.3335598,213.36938,0.79935473,211.76027,214.47318,277.65,50.93777684,19.11476266,RYB21
20210713_RYB_028.npy,212.3232275,213.53009,0.76294947,212.02145,214.92056,287.45,50.93786926,19.1148492,RYB21
20210713_RYB_029.npy,212.3122722,213.35066,0.91807055,212.02055,217.63594,297.8,50.93787974,19.11499702,RYB21
20210713_RYB_030.npy,212.3005853,213.54744,0.9056875,212.01682,215.46152,308.8,50.93797138,19.11511441,RYB21
20210713_RYB_031.npy,212.2893301,213.31264,0.8844125,211.97862,214.99338,319.35,50.93798376,19.11526303,RYB21
20210713_RYB_032.npy,212.2682508,214.1451,3.1532412,211.89061,224.1664,339,50.93809539,19.11547952,RYB21
20210713_RYB_033.npy,212.2551967,214.13765,2.0283637,211.86337,222.46263,351.1,50.93816103,19.11563017,RYB21
20210713_RYB_034.npy,212.2428981,212.85774,0.7181686,211.66292,214.53194,362.45,50.93825706,19.11563699,RYB21
20210713_RYB_035.npy,212.2299498,213.42555,1.290988,211.79176,219.07214,374.35,50.93826368,19.11578999,RYB21
20210713_RYB_036.npy,212.2176574,212.86002,1.2178859,211.75284,220.13472,385.6,50.93835541,19.11584865,RYB21
20210713_RYB_037.npy,212.1478023,212.81444,0.9262607,211.60472,214.8009,410.3,50.93853758,19.11603789,RYB21
20210713_RYB_038.npy,212.1437885,212.906,0.8447616,211.80768,214.56178,421,50.93863134,19.11606694,RYB21
20210713_RYB_039.npy,212.1398497,213.097,0.9608497,211.79388,214.75249,431.5,50.93872526,19.11607936,RYB21
20210713_RYB_040.npy,212.1358734,213.25523,1.003907,211.779,215.16066,442.1,50.93881788,19.11604367,RYB21
20210713_RYB_041.npy,212.1318034,213.47339,1.0423672,211.77963,215.13101,452.95,50.93891066,19.11599136,RYB21
20210713_RYB_042.npy,212.1275457,215.94096,5.4665413,211.76471,234.10416,464.3,50.93900748,19.11594468,RYB21
20210713_RYB_043.npy,212.123607,214.72527,3.8421214,211.6723,229.44429,474.8,50.93910014,19.1159053,RYB21
20210713_RYB_044.npy,212.1197245,218.86395,6.1062756,211.65436,233.91476,485.15,50.9391925,19.11589772,RYB21
20210713_RYB_045.npy,212.1158607,214.69205,3.9403892,211.6434,232.84714,495.45,50.9392849,19.11588638,RYB21
20210713_RYB_046.npy,212.108002,215.68585,4.435747,211.7325,224.37956,516.4,50.93947259,19.11591045,RYB21
20210713_RYB_047.npy,212.1039506,214.09784,2.404334,211.74242,223.25153,527.2,50.93956866,19.11593722,RYB21
20210713_RYB_048.npy,212.1000494,214.57457,2.789936,211.54625,222.09204,537.6,50.93966134,19.11594697,RYB21
20210713_RYB_049.npy,212.09416,212.6179,0.8517766,210.26456,219.98369,553.3,50.93980004,19.11599359,RYB21
20210713_RYB_050.npy,212.0899962,212.16862,0.7457935,210.67679,218.36145,564.4,50.93989702,19.1160249,RYB21
20210713_RYB_051.npy,212.0859073,214.95065,4.605568,211.31119,228.52937,575.3,50.93999277,19.1160366,RYB21
20210713_RYB_052.npy,212.081781,212.74292,1.3892779,211.5308,224.67038,586.3,50.94009015,19.1160762,RYB21
20210713_RYB_053.npy,212.0778047,212.69086,0.8487609,211.60065,214.26836,596.9,50.94018402,19.11609802,RYB21
20210713_RYB_054.npy,212.0734533,212.70056,1.3079841,211.56609,226.69368,608.5,50.94028568,19.11612531,RYB21
20210713_RYB_055.npy,212.0692145,214.01572,3.19143,211.25464,228.61363,619.8,50.9403837,19.11617283,RYB21
20201219_GRO_001.npy,238.0021852,238.89804,0.7625015,236.84898,240.6417,16.2,50.87134068,18.96611242,GRO20
20201219_GRO_002.npy,238.0018703,238.799,0.6658766,236.93027,240.53587,28.1,50.87143065,18.96619096,GRO20
20201219_GRO_003.npy,238.0015553,238.71066,0.6368084,236.79549,240.18674,40,50.87152056,18.9662774,GRO20
20201219_GRO_004.npy,238.001251,238.67773,0.63124347,237.49606,240.2729,51.5,50.87161127,18.96635371,GRO20
20201219_GRO_005.npy,238.0009466,238.65984,0.6079642,237.19676,240.09624,63,50.87170333,18.96643907,GRO20
20201219_GRO_006.npy,238.000629,238.63533,0.61870605,237.03749,240.2439,75,50.87179539,18.96652443,GRO20
20201219_GRO_007.npy,238.000322,238.4453,0.4979819,237.48912,239.97322,86.6,50.87188608,18.96660299,GRO20
20201219_GRO_008.npy,238.0000203,238.50383,0.53196824,237.4763,239.94223,98,50.87197749,18.96668044,GRO20
20201219_GRO_009.npy,237.9997133,238.56378,0.57971245,237.61708,240.1114,109.6,50.87206813,18.96676464,GRO20
20201219_GRO_010.npy,237.9994062,238.51611,0.5043921,237.6707,239.82706,121.2,50.87215954,18.96684209,GRO20
20201219_GRO_011.npy,237.9990966,238.47525,0.52079827,237.38498,239.8393,132.9,50.87225095,18.96692067,GRO20
20201219_GRO_012.npy,237.9987896,238.48196,0.5588118,237.26628,239.91156,144.5,50.87234157,18.96700713,GRO20
20201219_GRO_013.npy,237.9984852,238.4438,0.45727772,237.55348,239.54694,156,50.872433,18.96708233,GRO20
20201219_GRO_014.npy,237.9981755,238.42677,0.4394862,237.66576,239.20665,167.7,50.87252508,18.9671643,GRO20
20201219_GRO_015.npy,237.9978685,238.35425,0.3897525,237.7061,239.09154,179.3,50.8726158,18.96723949,GRO20
20201219_GRO_016.npy,237.9975589,238.3461,0.3415543,237.80147,238.9357,191,50.87270716,18.9673237,GRO20
20201219_GRO_017.npy,237.9972466,238.3505,0.36908016,237.75848,238.99544,202.8,50.87279833,18.96740126,GRO20
20201219_GRO_018.npy,237.9969343,238.28104,0.34267083,237.73727,239.02191,214.6,50.87288902,18.96747983,GRO20
20201219_GRO_019.npy,237.9967411,238.68808,0.28419274,237.63184,239.02873,221.9,50.87298168,18.96749189,GRO20
20201219_GRO_020.npy,237.9966511,238.83423,0.43985888,237.82301,239.3231,225.3,50.87293625,18.96763531,GRO20
20201219_GRO_021.npy,237.9964473,238.34567,0.37895015,237.7281,239.2072,233,50.87302829,18.96763722,GRO20
20201219_GRO_022.npy,237.9961905,238.55357,0.46702373,237.81952,239.1383,242.7,50.8730606,18.9677845,GRO20
20201219_GRO_023.npy,237.9959629,238.4229,0.40099475,237.6531,239.05829,251.3,50.87315316,18.9678101,GRO20
20201219_GRO_024.npy,237.9957353,238.52019,0.45730332,237.78557,239.35606,259.9,50.87317122,18.96795595,GRO20
20201219_GRO_025.npy,237.9954998,238.53444,0.5565416,237.70657,239.61156,268.8,50.873263,18.96798831,GRO20
20201219_GRO_026.npy,237.995251,238.47527,0.45322978,237.61841,239.42271,278.2,50.8732896,18.9681366,GRO20
20201219_GRO_027.npy,237.9949995,238.4578,0.50648344,237.4076,239.47949,287.7,50.873382,18.96818024,GRO20
20201219_GRO_028.npy,237.9947455,238.45326,0.42243513,237.49121,239.31725,297.3,50.87341217,18.96832861,GRO20
20201219_GRO_029.npy,237.9945205,238.42952,0.3995905,237.61005,239.09634,305.8,50.87350477,18.96834857,GRO20
20201219_GRO_030.npy,237.9943061,238.45586,0.38711298,237.38303,239.07236,313.9,50.87351712,18.96849431,GRO20
20201219_GRO_031.npy,237.9940653,238.35855,0.43111363,237.46446,239.40727,323,50.87360961,18.96852781,GRO20
20201219_GRO_032.npy,237.9938218,238.39676,0.35964864,237.08331,239.09155,332.2,50.8736355,18.96867609,GRO20
20201219_GRO_033.npy,237.9935968,238.38228,0.42522672,237.16217,239.38522,340.7,50.87372809,18.96869718,GRO20
20201219_GRO_034.npy,237.9933692,238.36089,0.33439058,237.28499,239.13849,349.3,50.8737447,18.96884526,GRO20
20201219_GRO_035.npy,237.9931522,238.45398,0.4677788,237.34964,239.91599,357.5,50.87383732,18.96886297,GRO20
20201219_GRO_036.npy,237.9929272,238.40384,0.4315122,237.3385,240.24368,366,50.87385106,18.96901213,GRO20
20201219_GRO_037.npy,237.9926546,238.80634,0.7144495,236.97537,240.46448,376.3,50.87394262,18.96907154,GRO20
20201219_GRO_038.npy,237.9923608,239.1275,0.8286531,236.97093,240.69331,387.4,50.87399351,18.96921696,GRO20
20201219_GRO_039.npy,237.9920909,238.82997,0.70228684,237.4111,240.98456,397.6,50.87408802,18.96926403,GRO20
20201219_GRO_040.npy,237.9918421,238.47368,0.50967103,236.61691,240.34564,407,50.87411229,18.96940645,GRO20
20201219_GRO_041.npy,237.9915801,238.51846,0.5597919,237.40619,240.2761,416.9,50.87420206,18.96948106,GRO20
20201219_GRO_042.npy,237.9912995,238.22919,0.35993892,237.26997,240.05869,427.5,50.87423227,18.96962416,GRO20
20201219_GRO_043.npy,237.991011,238.37856,0.55595267,237.3067,240.38187,438.4,50.8742565,18.96977053,GRO20
20201219_GRO_044.npy,237.9907305,238.4927,0.68355143,237.46675,240.38855,449,50.87427169,18.96991859,GRO20
20201219_GRO_045.npy,237.9904499,238.53885,0.6323956,237.1463,240.30638,459.6,50.87428543,18.97006774,GRO20
20201219_GRO_046.npy,237.9901694,238.81213,0.74680483,235.89111,240.60667,470.2,50.87430631,18.97021705,GRO20
20201219_GRO_047.npy,237.9898915,239.00862,0.8098272,237.16693,241.51381,480.7,50.87431508,18.97036385,GRO20
20201219_GRO_048.npy,237.9896189,238.76213,0.7194067,237.20511,240.84702,491,50.87432744,18.97050846,GRO20
20201219_GRO_049.npy,237.9893383,238.79343,1.1092688,236.5877,244.92276,501.6,50.87433763,18.97065642,GRO20
20201219_GRO_050.npy,237.9890604,239.0621,0.94696176,236.16154,245.05208,512.1,50.87435566,18.97080454,GRO20
20201219_GRO_051.npy,237.9887746,238.61047,0.78677225,235.35002,240.95363,522.9,50.87438153,18.97095395,GRO20
20201219_GRO_052.npy,237.9884729,238.67511,0.69548726,235.93768,240.46112,534.3,50.87441527,18.97110126,GRO20
20201219_GRO_053.npy,237.9881579,238.5374,0.5706904,236.18169,240.25,546.2,50.87446258,18.97124774,GRO20
20201219_GRO_054.npy,237.9878456,238.59763,0.62018865,236.2364,240.33128,558,50.87451202,18.97139425,GRO20
20201219_GRO_055.npy,237.9875386,238.51491,0.54888624,236.99947,240.15546,569.6,50.87455601,18.97153953,GRO20
20201219_GRO_056.npy,237.9872316,238.15419,0.32047945,237.22868,239.7503,581.2,50.87462164,18.97168413,GRO20
20201219_GRO_057.npy,237.9869193,238.07722,0.23060246,237.30624,239.53015,593,50.87466536,18.97183279,GRO20
20201219_GRO_058.npy,237.9866308,238.0268,0.25396314,237.23581,239.87222,603.9,50.87471345,18.97197138,GRO20
20201219_GRO_059.npy,237.9863185,237.99112,0.19348995,236.89088,238.68324,615.7,50.87475858,18.97212119,GRO20
20201219_GRO_060.npy,237.9860221,238.15489,0.37927133,237.23383,239.49617,626.9,50.8748071,18.97226469,GRO20
20201219_GRO_061.npy,237.9857204,238.259,0.46807122,236.60614,239.69832,638.3,50.87484062,18.97240899,GRO20
20201219_GRO_062.npy,237.985416,238.39238,0.49615547,237.24905,239.93848,649.8,50.8748934,18.97255333,GRO20
20201219_GRO_063.npy,237.985109,238.26059,0.3391048,237.41508,239.53053,661.4,50.87495096,18.97269738,GRO20
20201219_GRO_064.npy,237.9848152,238.15614,0.34049347,236.73921,239.34703,672.5,50.87499092,18.97284182,GRO20
20201219_GRO_065.npy,237.984532,238.001,0.26241973,237.15903,238.84608,683.2,50.87502467,18.97298689,GRO20
20201219_GRO_066.npy,237.9842435,238.19186,0.2846245,237.49481,238.91864,694.1,50.87505106,18.97313105,GRO20
20201219_GRO_067.npy,237.9839603,238.17123,0.3049052,236.98177,239.31648,704.8,50.87508364,18.97327421,GRO20
20201219_GRO_068.npy,237.9836665,238.18918,0.30053467,237.3991,239.05797,715.9,50.87512094,18.97342236,GRO20
20201219_GRO_069.npy,237.9833781,238.08025,0.27229205,237.32376,239.46097,726.8,50.87516064,18.97356792,GRO20
20201219_GRO_070.npy,237.9830869,238.02182,0.20298973,237.10359,239.40283,737.8,50.87519177,18.97371331,GRO20
20201219_GRO_071.npy,237.9827746,238.30429,1.184269,237.0902,247.94157,749.6,50.87522574,18.97386138,GRO20
20201219_GRO_072.npy,237.9825788,238.35953,1.4521259,237.47493,247.2913,757,50.87528558,18.97395849,GRO20
20201219_RYB_001.npy,212.7242227,215.78995,6.0871344,200.29765,235.11156,3.15,50.93568778,19.11273377,RYB20
20201219_RYB_002.npy,212.7189306,216.15466,5.8379784,205.82114,234.29103,11.55,50.93577962,19.11273069,RYB20
20201219_RYB_003.npy,212.712474,213.31134,0.8758558,212.07329,228.04608,21.85,50.93587225,19.11274514,RYB20
20201219_RYB_004.npy,212.7061184,213.43558,0.76634693,212.26993,215.34024,32.05,50.93596374,19.11275485,RYB20
20201219_RYB_005.npy,212.6998034,213.31169,0.7066321,212.17319,214.70224,42.25,50.93605529,19.11275704,RYB20
20201219_RYB_006.npy,212.6928885,213.23906,0.68615013,212.29419,214.34735,53.5,50.93614892,19.11277885,RYB20
20201219_RYB_007.npy,212.6854816,213.2073,0.7276894,212.13193,214.76184,65.65,50.93624319,19.11289535,RYB20
20201219_RYB_008.npy,212.6788038,213.40302,0.764512,212.01936,214.91953,76.7,50.93633346,19.11295848,RYB20
20201219_RYB_009.npy,212.6723641,213.23668,0.6927681,212.1972,214.60031,87.45,50.9364258,19.11300304,RYB20
20201219_RYB_010.npy,212.6661012,213.32782,0.6962224,212.28922,214.78685,98,50.93651835,19.11302595,RYB20
20201219_RYB_011.npy,212.6598678,213.33131,0.62712073,212.30038,214.48116,108.6,50.9366107,19.11306957,RYB20
20201219_RYB_012.npy,212.6536961,213.2426,0.55307794,212.1493,214.2796,119.2,50.93670387,19.11308967,RYB20
20201219_RYB_013.npy,212.6475888,213.20639,0.5822353,212.10577,214.32715,129.8,50.93679629,19.11312576,RYB20
20201219_RYB_014.npy,212.6416051,213.39836,0.8623922,210.13799,226.5172,140.3,50.93688825,19.11314772,RYB20
20201219_RYB_015.npy,212.6351297,212.84839,0.977684,207.8389,216.42767,151.8,50.93698634,19.11323777,RYB20
20201219_RYB_016.npy,212.6288218,213.16824,0.587259,212.0888,213.92229,163.15,50.93708093,19.11324643,RYB20
20201219_RYB_017.npy,212.6232515,213.03378,0.5957031,211.76479,213.92741,173.3,50.93713861,19.11339613,RYB20
20201219_RYB_018.npy,212.6182666,213.04817,0.55434895,212.0909,213.86185,182.5,50.93723117,19.11341754,RYB20
20201219_RYB_019.npy,212.6130197,213.10527,0.5200769,212.16136,213.75381,192.3,50.93727317,19.11356536,RYB20
20201219_RYB_020.npy,212.6082638,213.08868,0.51393175,212.01631,213.92477,201.3,50.93736563,19.11359768,RYB20
20201219_RYB_021.npy,212.6034383,213.06235,0.56674534,211.91557,213.98843,210.55,50.93738028,19.11374484,RYB20
20201219_RYB_022.npy,212.5990608,213.67673,0.8975559,211.8074,216.0383,219.05,50.93747383,19.11378755,RYB20
20201219_RYB_023.npy,212.5941385,213.20901,0.67643803,211.79056,215.00612,228.75,50.93748312,19.11393553,RYB20
20201219_RYB_024.npy,212.5892362,213.39488,0.5938445,211.69345,215.48483,238.55,50.93750606,19.11408666,RYB20
20201219_RYB_025.npy,212.585296,213.16745,0.5156068,211.97522,214.21648,246.55,50.93759838,19.11413309,RYB20
20201219_RYB_026.npy,212.581192,213.31093,0.6492853,212.00542,214.44826,255,50.9375833,19.11428049,RYB20
20201219_RYB_027.npy,212.5773384,213.14427,0.4862787,212.08553,213.95432,263.05,50.93767561,19.11432881,RYB20
20201219_RYB_028.npy,212.5732634,213.22603,0.5869365,211.93976,214.18283,271.7,50.93766624,19.11447541,RYB20
20201219_RYB_029.npy,212.5695509,213.16064,0.3961992,212.11195,214.11703,279.7,50.93775336,19.11453113,RYB20
20201219_RYB_030.npy,212.5660572,213.18935,0.58649963,211.8967,214.12985,287.35,50.93773738,19.11467286,RYB20
20201219_RYB_031.npy,212.5624835,213.07304,0.4415122,211.99582,213.93375,295.3,50.93782645,19.11472299,RYB20
20201219_RYB_032.npy,212.559188,213.1258,0.5803784,212.03178,214.13179,302.75,50.93780905,19.11486374,RYB20
20201219_RYB_033.npy,212.5556676,213.16174,0.52733344,211.53674,214.18633,310.85,50.93789773,19.11491857,RYB20
20201219_RYB_034.npy,212.551998,213.11284,0.6499457,210.95337,218.13469,319.45,50.937894,19.11505345,RYB20
20201219_RYB_035.npy,212.5484849,213.20181,0.52368194,211.98758,214.86237,327.85,50.93798085,19.11511913,RYB20
20201219_RYB_036.npy,212.5452451,213.079,0.5340715,211.96056,215.26703,335.75,50.93796846,19.11525794,RYB20
20201219_RYB_037.npy,212.5422896,212.96735,0.48774832,211.95973,213.84343,343.1,50.93805707,19.11529507,RYB20
20201219_RYB_038.npy,212.5388653,212.62228,0.47138155,209.43509,216.73035,351.8,50.93805332,19.1154386,RYB20
20201219_RYB_039.npy,212.5354806,212.98787,0.4657267,211.57347,213.74666,360.6,50.93814408,19.11548688,RYB20
20201219_RYB_040.npy,212.5324221,212.92421,0.8210021,207.07613,220.9305,368.75,50.93815733,19.11563138,RYB20
20201219_RYB_041.npy,212.5297426,212.66953,0.42317557,211.80762,213.75223,376.05,50.93824938,19.1156317,RYB20
20201219_RYB_042.npy,212.5273381,212.86003,0.8853803,210.63516,218.12419,382.75,50.9382448,19.11577446,RYB20
20201219_RYB_043.npy,212.523933,212.75497,0.49565712,211.80215,214.06326,392.5,50.93833141,19.11582114,RYB20
20201219_RYB_044.npy,212.5199847,212.29053,0.33842483,210.92068,213.99414,404.2,50.93841195,19.11593902,RYB20
20201219_RYB_045.npy,212.516275,212.65388,0.66308403,211.43918,214.03067,415.65,50.93849569,19.11604115,RYB20
20201219_RYB_046.npy,212.5128278,212.65825,0.6338078,210.86465,214.3487,426.75,50.93858804,19.1160479,RYB20
20201219_RYB_047.npy,212.5097651,212.7235,0.555695,211.30363,214.03656,437.05,50.93868062,19.11606761,RYB20
20201219_RYB_048.npy,212.5067648,212.7696,0.5677817,211.25134,214.1611,447.6,50.93877398,19.11606702,RYB20
20201219_RYB_049.npy,212.5038259,212.83778,0.5585897,211.2094,214.47838,458.45,50.93886776,19.11602315,RYB20
20201219_RYB_050.npy,212.5010006,212.90434,0.4435359,211.1138,214.37029,469.45,50.93896168,19.11596517,RYB20
20201219_RYB_051.npy,212.4984275,212.75919,0.6212645,208.17732,217.87679,480.05,50.93905364,19.11592502,RYB20
20201219_RYB_052.npy,212.4960375,213.85947,3.0809484,209.39116,226.95212,490.5,50.93914599,19.11590652,RYB20
20201219_RYB_053.npy,212.4937437,213.29596,2.5802214,194.98743,229.85594,501.2,50.93924172,19.11589507,RYB20
20201219_RYB_054.npy,212.4916168,212.68701,2.2466896,200.8402,226.63403,511.85,50.93933688,19.11589283,RYB20
20201219_RYB_055.npy,212.4893671,213.95125,2.9670837,202.93515,225.98296,524.1,50.93944644,19.11589018,RYB20
20201219_RYB_056.npy,212.4875766,212.89038,0.8727069,203.97313,220.7893,534.8,50.93954192,19.11591788,RYB20
20201219_RYB_057.npy,212.485995,213.05417,1.3601955,208.24046,217.38283,545.2,50.93963451,19.1159361,RYB20
20181121_AMO_001.npy,25.77959091,26.581207,0.70457983,25.429981,27.988249,0.0,55.56655023,11.662621,AMO18
20181121_AMO_002.npy,25.77570588,26.548416,0.6400701,25.513794,27.521736,10.520588,55.56654156,11.66245591,AMO18
20181121_AMO_003.npy,25.77182759,26.418856,0.6276373,25.537464,28.27184,21.262069,55.56658164,11.66228983,AMO18
20181121_AMO_004.npy,25.7683,26.923473,0.85597026,25.505184,28.181238,31.16,55.56658018,11.66212728,AMO18
20181121_AMO_005.npy,25.76514286,26.668386,0.82799745,25.483976,28.339851,40.12381,55.56666984,11.66203466,AMO18
20181121_AMO_006.npy,25.76130435,26.624975,0.88947827,25.536337,28.523611,51.1,55.56669384,11.66186785,AMO18
20181121_AMO_007.npy,25.75733333,26.653309,0.87454844,25.487862,28.518398,62.91,55.56673089,11.66169993,AMO18
20181121_AMO_008.npy,25.75322222,26.654078,0.93932796,25.398378,28.294569,75.405556,55.56680067,11.66153238,AMO18
20181121_AMO_009.npy,25.74935294,26.93198,0.9651921,24.413185,30.52298,87.573529,55.56689347,11.66145056,AMO18
20181121_AMO_010.npy,25.74562857,26.590637,0.8355297,25.490717,28.038969,99.234286,55.56699055,11.66136408,AMO18
20181121_AMO_011.npy,25.7421875,26.581148,0.82732946,25.548061,28.006046,110.715625,55.56708067,11.6612882,AMO18
20181121_AMO_012.npy,25.73867742,26.664124,0.8430109,25.521652,28.056303,122.180645,55.56717117,11.66120495,AMO18
20181121_AMO_013.npy,25.73542857,26.607637,0.80996394,25.518944,28.026957,133.308571,55.56726165,11.66112065,AMO18
20181121_AMO_014.npy,25.73213514,26.598267,0.8324226,25.453869,28.154003,144.77027,55.56734975,11.66103035,AMO18
20181121_AMO_015.npy,25.72929032,27.284906,1.1962452,25.454742,30.843086,154.996774,55.56743852,11.66099417,AMO18
20181121_AMO_016.npy,25.72683871,26.927074,1.0949124,25.45578,28.374702,163.996774,55.56749262,11.66083215,AMO18
20181121_AMO_017.npy,25.72405263,26.721165,1.037811,25.45341,28.382515,174.415789,55.56758223,11.66079431,AMO18
20181121_AMO_018.npy,25.72108333,26.701557,0.9277389,25.463537,28.377197,185.772222,55.56767149,11.66071788,AMO18
20181121_AMO_019.npy,25.71873684,27.188723,0.8624738,25.335007,27.959085,195.315789,55.56776256,11.66069,AMO18
20181121_AMO_020.npy,25.71666667,26.70427,0.84991664,25.381449,27.949396,203.754545,55.56779753,11.66052414,AMO18
20181121_AMO_021.npy,25.71436,27.06065,0.8191551,25.419128,28.105583,213.216,55.56788939,11.66050794,AMO18
20181121_AMO_022.npy,25.71242857,26.920996,0.8999895,25.450697,28.051067,221.195238,55.56791151,11.66034233,AMO18
20181121_AMO_023.npy,25.71011538,26.80995,0.8057643,25.47476,28.051743,230.976923,55.56800421,11.66032186,AMO18
20181121_AMO_024.npy,25.708,26.801529,0.8015585,25.450018,27.85898,240.395833,55.56804679,11.66015619,AMO18
20181121_AMO_025.npy,25.7057027,26.438799,0.7038828,25.427706,27.645252,250.978378,55.56813739,11.66007629,AMO18
20181121_AMO_026.npy,25.70356,26.611055,0.6369749,25.500015,27.417458,260.668,55.56822859,11.66005343,AMO18
20181121_AMO_027.npy,25.70191304,26.676191,0.6237045,25.507795,27.49895,268.578261,55.56824882,11.65988798,AMO18
20181121_AMO_028.npy,25.69994737,26.37885,0.71679616,25.325298,27.62488,277.95,55.5683402,11.65985418,AMO18
20181121_AMO_029.npy,25.69605556,26.595877,0.8074002,25.39352,28.040522,297.072222,55.56846575,11.65964284,AMO18
20181121_AMO_030.npy,25.69419048,26.736443,0.7456315,25.471334,27.565174,306.409524,55.56855697,11.65962082,AMO18
20181121_AMO_031.npy,25.69258333,26.91577,0.9330712,25.482016,28.12197,314.908333,55.56858342,11.65945652,AMO18
20181121_AMO_032.npy,25.69088235,26.801208,0.82329065,25.48288,27.7342,323.411765,55.56867509,11.65943362,AMO18
20181121_AMO_033.npy,25.68933333,26.877565,0.89456856,25.482775,28.049303,332.116667,55.5686849,11.65926989,AMO18
20181121_AMO_034.npy,25.68756522,26.71664,0.75139916,25.435602,27.545794,340.965217,55.56877575,11.65921683,AMO18
20181121_AMO_035.npy,25.68606667,26.857132,0.91954154,25.455965,28.062706,349.343333,55.56877272,11.65905335,AMO18
20181121_AMO_036.npy,25.68446154,26.629059,0.80143183,25.463728,27.80278,358.276923,55.56886289,11.65897516,AMO18
20181121_AMO_037.npy,25.68260714,26.957996,0.9023935,25.51406,36.2434,367.825,55.5688665,11.65881112,AMO18
20181121_AMO_038.npy,25.6813,26.731947,0.7660323,25.473345,27.608912,375.54,55.56895781,11.65877481,AMO18
20181121_AMO_039.npy,25.67992593,27.126322,1.0214835,25.45799,28.382757,383.02963,55.56894056,11.65861338,AMO18
20181121_AMO_040.npy,25.67847826,26.618036,0.8118305,25.433043,27.764399,391.417391,55.5690298,11.65851847,AMO18
20181121_AMO_041.npy,25.67645833,26.633213,0.86690015,25.45029,28.04102,402.716667,55.5690059,11.65835761,AMO18
20181121_AMO_042.npy,25.67478125,26.557575,0.74998045,25.442053,27.57964,412.071875,55.56902757,11.65819287,AMO18
20181121_AMO_043.npy,25.67290909,26.639702,0.82716334,25.422527,27.995272,422.451515,55.56898896,11.65803326,AMO18
20181121_AMO_044.npy,25.67112121,26.605343,0.7768098,25.383244,27.637314,432.748485,55.56898834,11.65787126,AMO18
20181121_AMO_045.npy,25.66921212,26.487547,0.7454323,25.436634,27.744783,443.4,55.56895923,11.65771084,AMO18
20181121_AMO_046.npy,25.66758333,26.54794,0.6970255,25.48538,30.509289,452.520833,55.56895273,11.65755207,AMO18
20181121_AMO_047.npy,25.66526923,26.551264,0.8183632,25.374237,31.652893,465.246154,55.56892841,11.65737297,AMO18
20181121_AMO_048.npy,25.66343333,26.37328,0.69086456,25.454432,27.58638,474.893333,55.5689261,11.65721206,AMO18
20181121_AMO_049.npy,25.66148571,26.417862,0.69396055,25.49481,27.706179,485.442857,55.56889661,11.65705325,AMO18
20181121_AMO_050.npy,25.65951515,26.531353,0.80153835,25.435211,27.8233,495.512121,55.56889689,11.65689348,AMO18
20181121_AMO_051.npy,25.65755882,26.53601,0.8001443,25.442047,28.051115,505.605882,55.5688616,11.65673568,AMO18
20181121_AMO_052.npy,25.65558824,26.606007,0.8035982,25.452946,28.314764,515.841176,55.56885672,11.65657667,AMO18
20181121_AMO_053.npy,25.65353125,26.469376,0.7081136,25.399866,28.123499,526.040625,55.56887199,11.6564151,AMO18
20181121_AMO_054.npy,25.65131579,26.960285,0.92846197,25.420181,28.294176,536.873684,55.56888987,11.65625069,AMO18
20181121_AMO_055.npy,25.64973684,26.555954,0.6538451,25.409412,27.910532,544.526316,55.5689804,11.65620352,AMO18
20181121_AMO_056.npy,25.64711111,26.683342,0.9350064,25.425459,28.224773,556.374074,55.56902818,11.65603656,AMO18
20181121_AMO_057.npy,25.64524,26.635649,0.6396359,25.427223,27.356642,565.028,55.56912004,11.65602035,AMO18
20181121_AMO_058.npy,25.64325806,26.693325,0.9505792,25.31322,28.206863,573.73871,55.5691488,11.65585417,AMO18
20181121_AMO_059.npy,25.64066667,26.443665,0.7249723,25.32421,27.843857,584.926667,55.5692393,11.65580533,AMO18
20181121_AMO_060.npy,25.63848276,26.712719,0.9908013,25.324537,28.299164,594.031034,55.56928142,11.65564053,AMO18
20181121_AMO_061.npy,25.6366,26.697838,0.69583035,25.332108,27.439932,601.92,55.56937374,11.65564107,AMO18
20181121_AMO_062.npy,25.63451515,26.516537,0.85041225,25.336102,28.044792,610.269697,55.56939496,11.65547721,AMO18
20181121_AMO_063.npy,25.63217391,26.66407,0.7518447,25.345598,27.45645,619.313043,55.56948665,11.65545514,AMO18
20181121_AMO_064.npy,25.63018182,26.587252,0.8363692,25.344713,27.880754,627.0,55.5694979,11.65529212,AMO18
20181121_AMO_065.npy,25.62769565,26.42156,0.6894597,25.301613,27.306929,635.995652,55.56958956,11.65526837,AMO18
20181121_AMO_066.npy,25.62572727,26.44649,0.77844334,25.309446,27.7009,643.768182,55.56961789,11.6551039,AMO18
20181121_AMO_067.npy,25.62292308,26.560184,0.72465444,25.34866,27.600008,653.315385,55.56970925,11.65506926,AMO18
20181121_AMO_068.npy,25.62071429,26.712662,0.6812993,25.317451,27.522554,661.228571,55.56969009,11.65490799,AMO18
20181121_AMO_069.npy,25.61890909,26.861864,0.80794746,25.284624,27.678617,667.345455,55.56978066,11.6548793,AMO18
20181121_AMO_070.npy,25.61658621,26.397324,0.7603126,25.283945,27.70043,675.282759,55.56976485,11.65471858,AMO18
20181121_AMO_071.npy,25.61311538,26.321436,0.81616765,25.248228,28.052053,686.596154,55.56979036,11.65455519,AMO18
20181121_AMO_072.npy,25.6096129,26.339931,0.8310915,25.27774,27.68307,697.558065,55.56983775,11.65439162,AMO18
20181121_AMO_073.npy,25.60625926,26.299555,0.74209946,25.363792,27.71737,708.251852,55.56985426,11.65422982,AMO18
20181121_AMO_074.npy,25.60292593,26.345566,0.7204476,25.382246,27.754711,717.944444,55.56988502,11.65406684,AMO18
